City_ID,City,Lat,Lng,Max Temp,Humidity,Cloudiness,Wind Speed,Country,Date
0,badger,64.8,-147.5333,62.01,33,40,4.61,US,1715804851
1,grytviken,-54.2811,-36.5092,27.01,84,100,15.3,GS,1715804851
2,avarua,-21.2078,-159.775,75.25,88,75,16.11,CK,1715804851
3,inhambane,-23.865,35.3833,73.29,78,89,7.96,MZ,1715804851
4,bhinmal,25.0,72.25,87.39,41,4,9.48,IN,1715804851
5,lamu,-2.2717,40.902,81.05,83,54,15.75,KE,1715804851
6,freetown,8.484,-13.2299,81.61,81,98,6.67,SL,1715804851
7,nemuro,43.3236,145.575,42.84,98,100,7.85,JP,1715804676
8,igarka,67.4667,86.5833,15.03,96,92,8.99,RU,1715804852
9,bethel,41.3712,-73.414,64.54,86,100,8.05,US,1715804852
10,haiku-pauwela,20.9219,-156.3051,82.26,74,20,21.85,US,1715804852
11,ta`u,-14.2336,-169.5144,83.97,79,32,23.11,AS,1715804852
12,kidal,18.4411,1.4078,99.05,9,0,6.33,ML,1715804776
13,st austell,50.3383,-4.7658,55.96,88,0,14.97,GB,1715804852
14,masterton,-40.9597,175.6575,47.1,95,23,2.39,NZ,1715804852
15,waitangi,-43.9535,-176.5597,56.82,96,99,10.0,NZ,1715804852
16,port-aux-francais,-49.35,70.2167,40.01,84,98,31.29,TF,1715804852
17,uturoa,-16.7333,-151.4333,82.15,64,90,20.92,PF,1715804852
18,west island,-12.1568,96.8225,80.58,78,40,17.27,CC,1715804852
19,aconibe,1.2968,10.9369,73.62,87,73,2.08,GQ,1715804852
20,iquitos,-3.7481,-73.2472,84.24,84,75,3.44,PE,1715804645
21,mogadishu,2.0371,45.3438,81.79,87,90,15.14,SO,1715804853
22,ivdel',60.6911,60.4206,40.03,64,100,7.0,RU,1715804853
23,durant,33.994,-96.3708,88.16,41,0,12.66,US,1715804853
24,adamstown,-25.066,-130.1015,69.75,84,100,18.01,PN,1715804816
25,riachao das neves,-11.7461,-44.91,92.75,29,22,6.24,BR,1715804853
26,yellowknife,62.456,-114.3525,49.41,53,20,6.91,CA,1715804853
27,afaahiti,-17.75,-149.2833,84.07,79,61,22.28,PF,1715804853
28,suva,-18.1416,178.4415,80.08,94,75,0.0,FJ,1715804853
29,ushuaia,-54.8,-68.3,44.26,81,75,26.46,AR,1715804853
30,ketanggungan,-6.9383,108.891,76.53,87,16,8.34,ID,1715804853
31,rondonopolis,-16.4708,-54.6356,87.06,38,52,2.39,BR,1715804763
32,bredasdorp,-34.5322,20.0403,57.04,92,84,2.86,ZA,1715804853
33,arkalyk,50.2486,66.9114,50.13,48,3,14.32,KZ,1715804853
34,turpan,42.9333,89.1667,89.89,18,100,3.78,CN,1715804853
35,pisco,-13.7,-76.2167,73.45,68,0,13.8,PE,1715804854
36,arkhangel'sk,64.5401,40.5433,50.13,81,40,6.71,RU,1715804658
37,santa cruz,-17.8,-63.1667,62.65,63,75,2.3,BO,1715804854
38,sittwe,20.15,92.9,84.25,74,4,8.86,MM,1715804854
39,invercargill,-46.4,168.35,47.01,84,100,8.99,NZ,1715804854
40,huarmey,-10.0681,-78.1522,70.72,76,18,10.65,PE,1715804854
41,sola,-13.8833,167.55,81.05,78,20,24.65,VU,1715804854
42,port mathurin,-19.6833,63.4167,76.68,74,100,23.53,MU,1715804854
43,prado,-17.3411,-39.2208,79.79,78,0,8.39,BR,1715804854
44,tsiombe,-25.3,45.4833,70.75,83,9,14.61,MG,1715804854
45,rongelap,11.1635,166.8941,81.21,83,100,19.35,MH,1715804854
46,namsos,64.4662,11.4957,58.91,58,0,0.0,NO,1715804854
47,albany,42.6001,-73.9662,65.57,82,100,1.01,US,1715804854
48,konkwesso,10.8469,4.0984,91.26,45,4,6.22,NG,1715804855
49,concepcion,-36.827,-73.0498,55.2,58,40,12.66,CL,1715804788
50,crane,31.3974,-102.3501,91.02,23,100,25.3,US,1715804855
51,pampas,-12.4,-74.9,55.83,61,61,6.51,PE,1715804855
52,luau,-10.7073,22.2247,70.59,50,93,4.92,AO,1715804855
53,al bawiti,28.3492,28.8659,75.81,25,0,7.85,EG,1715804855
54,willingen,51.3,8.6167,63.99,90,74,5.1,DE,1715804855
55,puerto natales,-51.7236,-72.4875,46.85,61,40,5.75,CL,1715804855
56,kerikeri,-35.2268,173.9474,54.91,94,3,3.0,NZ,1715804855
57,nacala,-14.5428,40.6728,75.33,77,85,8.57,MZ,1715804855
58,pailin,12.849,102.6093,75.72,93,92,1.7,KH,1715804855
59,san patricio,28.017,-97.5169,92.12,44,90,15.3,US,1715804855
60,huilong,31.8111,121.655,53.17,66,0,7.34,CN,1715804855
61,zapala,-38.8992,-70.0544,42.66,57,4,3.15,AR,1715804855
62,qaqortoq,60.7167,-46.0333,40.95,49,0,17.29,GL,1715804855
63,anadyr,64.75,177.4833,23.5,92,75,26.84,RU,1715804856
64,richards bay,-28.783,32.0377,68.49,79,0,1.97,ZA,1715804856
65,blackmans bay,-43.0167,147.3167,46.53,86,100,1.01,AU,1715804856
66,longyearbyen,78.2186,15.6401,31.84,69,75,5.75,SJ,1715804856
67,ambon,-3.6954,128.1814,80.87,95,75,5.75,ID,1715804856
68,jamestown,42.097,-79.2353,69.53,82,100,10.36,US,1715804856
69,laguna,38.421,-121.4238,89.55,44,0,6.91,US,1715804611
70,tiksi,71.6872,128.8694,7.21,99,100,5.5,RU,1715804856
71,papatowai,-46.5619,169.4708,47.26,92,100,14.38,NZ,1715804856
72,goranboy,40.6103,46.7897,61.09,80,100,12.86,AZ,1715804856
73,timbuktu,16.7735,-3.0074,98.33,24,23,6.96,ML,1715804856
74,namibe,-15.1961,12.1522,73.22,86,57,5.61,AO,1715804856
75,susa,35.8254,10.637,71.37,94,20,17.27,TN,1715804856
76,thompson,55.7435,-97.8558,64.56,34,75,10.36,CA,1715804856
77,happy valley-goose bay,53.3168,-60.3315,61.11,41,20,17.27,CA,1715804829
78,constantia,44.1833,28.65,47.08,66,5,3.98,RO,1715804809
79,stanley,54.868,-1.6985,56.79,84,0,4.61,GB,1715804857
80,ouallam,14.3188,2.0866,92.61,35,100,12.71,NE,1715804857
81,vorgashor,67.5833,63.95,22.8,97,100,9.42,RU,1715804857
82,inarajan village,13.2736,144.7484,81.57,94,77,15.26,GU,1715804857
83,puerto ayora,-0.7393,-90.3518,82.36,95,55,3.0,EC,1715804857
84,olonkinbyen,70.9221,-8.7187,33.44,78,91,3.42,SJ,1715804857
85,mallow,52.1333,-8.6333,56.5,91,4,3.44,IE,1715804659
86,edinburgh of the seven seas,-37.0676,-12.3116,59.92,82,100,17.47,SH,1715804857
87,georgetown,5.4112,100.3354,82.35,85,40,0.0,MY,1715804857
88,abadan,30.3392,48.3043,82.35,47,0,4.61,IR,1715804857
89,usinsk,65.9939,57.5281,33.08,85,100,15.99,RU,1715804857
90,nuku'alofa,-21.1333,-175.2,75.54,94,100,11.5,TO,1715804857
91,anuradhapura,8.3565,80.4173,78.31,93,100,5.5,LK,1715804858
92,kerben,40.2951,72.1863,73.9,54,64,7.52,KG,1715804858
93,dudinka,69.4058,86.1778,8.98,98,92,6.89,RU,1715804858
94,nova vicosa,-17.8919,-39.3719,79.52,80,0,8.48,BR,1715804858
95,port elizabeth,-33.918,25.5701,59.29,93,0,3.44,ZA,1715804858
96,dryden,49.7833,-92.7503,64.69,24,75,9.22,CA,1715804587
97,tamanrasset,22.785,5.5228,87.71,9,40,6.91,DZ,1715804858
98,aldan,58.6031,125.3894,42.73,73,58,9.95,RU,1715804858
99,ad dawadimi,24.5077,44.3924,83.55,10,1,10.92,SA,1715804858
100,bor,56.3567,44.0669,50.0,53,94,7.27,RU,1715804859
101,kirensk,57.7853,108.1119,58.96,78,100,11.99,RU,1715804859
102,hermanus,-34.4187,19.2345,59.49,89,61,2.59,ZA,1715804859
103,iqaluit,63.7506,-68.5145,28.13,58,20,6.91,CA,1715804859
104,atafu village,-8.5421,-172.5159,84.78,78,62,14.99,TK,1715804859
105,lerwick,60.1545,-1.1494,51.8,87,1,11.5,GB,1715804859
106,hadibu,12.65,54.0333,84.34,71,73,4.41,YE,1715804859
107,grand gaube,-20.0064,57.6608,74.37,80,89,5.99,MU,1715804859
108,rio preto da eva,-2.6994,-59.6997,89.83,59,72,4.5,BR,1715804859
109,minas de marcona,-15.2119,-75.1103,64.49,69,48,15.23,PE,1715804859
110,talnakh,69.4865,88.3972,13.53,97,94,7.63,RU,1715804859
111,carnarvon,-24.8667,113.6333,71.19,61,0,8.72,AU,1715804859
112,fortuna,40.5982,-124.1573,63.99,80,20,13.8,US,1715804860
113,akureyri,65.6835,-18.0878,49.93,57,20,8.05,IS,1715804860
114,herkimer,43.0256,-74.986,65.93,90,100,5.1,US,1715804860
115,cole harbour,44.6724,-63.4751,67.39,59,75,10.36,CA,1715804860
116,biltine,14.5333,20.9167,93.0,9,0,19.6,TD,1715804860
117,santa terezinha,-29.9002,-50.0904,58.19,58,47,11.92,BR,1715804860
118,tura,25.5198,90.2201,78.93,61,51,3.65,IN,1715804860
119,puerto deseado,-47.7503,-65.8938,50.14,57,84,15.79,AR,1715804860
120,mar del plata,-38.0023,-57.5575,59.09,60,0,9.22,AR,1715804805
121,vernon,50.2581,-119.2691,76.3,33,100,3.44,CA,1715804597
122,barah,13.7,30.3667,90.63,9,99,15.73,SD,1715804860
123,paraiso,9.8383,-83.8656,74.26,88,98,3.74,CR,1715804703
124,hamilton,39.1834,-84.5333,74.03,74,75,11.5,US,1715804718
125,peace river,56.2501,-117.286,53.91,71,75,2.3,CA,1715804860
126,chimbote,-9.0853,-78.5783,69.87,76,37,11.16,PE,1715804641
127,kalispell,48.1958,-114.3129,69.91,42,40,13.8,US,1715804861
128,walvis bay,-22.9575,14.5053,79.75,24,5,10.36,NA,1715804861
129,mayenne,48.3333,-0.6667,53.04,94,100,5.37,FR,1715804861
130,touros,-5.1989,-35.4608,81.68,77,66,9.89,BR,1715804861
131,saint-philippe,-21.3585,55.7679,71.19,73,20,10.76,RE,1715804861
132,yanam,16.7333,82.2167,80.46,87,100,1.41,IN,1715804861
133,garoowe,8.4054,48.4845,85.73,53,12,14.09,SO,1715804861
134,mokhsogollokh,61.4681,128.9203,37.22,85,92,1.81,RU,1715804861
135,al hazm,16.1641,44.7769,88.83,35,19,6.11,YE,1715804861
136,rio grande,-32.035,-52.0986,59.11,64,37,12.03,BR,1715804834
137,punta arenas,-53.15,-70.9167,46.42,76,0,34.52,CL,1715804670
138,petropavlovsk-kamchatsky,53.0452,158.6483,45.19,79,0,15.66,RU,1715804861
139,el calafate,-50.3408,-72.2768,45.73,59,28,6.71,AR,1715804641
140,farnham,51.2143,-0.7959,61.48,72,0,3.44,GB,1715804638
141,selfoss,63.9331,-20.9971,44.04,76,100,10.33,IS,1715804861
142,bandar abbas,27.1865,56.2808,85.98,66,100,9.22,IR,1715804610
143,brookings,44.3114,-96.7984,69.8,56,40,21.85,US,1715804680
144,broken hill,-31.95,141.4333,52.27,53,100,8.97,AU,1715804862
145,isafjordur,66.0755,-23.124,43.57,61,100,3.33,IS,1715804862
146,harstad,68.799,16.5293,45.79,97,100,7.0,NO,1715804862
147,narvik,68.4384,17.4272,46.38,92,99,3.33,NO,1715804862
148,naze,28.3667,129.4833,65.32,72,100,16.35,JP,1715804862
149,batticaloa,7.7102,81.6924,81.18,82,99,8.57,LK,1715804862
150,puerto armuelles,8.2833,-82.8667,85.98,78,100,1.01,PA,1715804862
151,alaghsas,17.0187,8.0168,94.14,12,3,11.3,NE,1715804794
152,tazacorte,28.629,-17.9293,67.17,74,75,16.11,ES,1715804862
153,altay,47.8667,88.1167,65.05,34,17,6.89,CN,1715804862
154,midvagur,62.0511,-7.1939,52.63,93,100,9.22,FO,1715804862
155,aasiaat,68.7098,-52.8699,25.14,65,98,0.96,GL,1715804863
156,hithadhoo,-0.6,73.0833,84.52,78,90,9.42,MV,1715804863
157,amahai,-3.3333,128.9167,79.25,85,100,5.1,ID,1715804863
158,kirakira,-10.4544,161.9205,80.42,86,99,10.33,SB,1715804863
159,vorkuta,67.5,64.0,23.11,97,100,5.99,RU,1715804863
160,dubrovnik,42.6481,18.0922,64.04,59,0,10.36,HR,1715804863
161,yerofey pavlovich,53.9667,121.9667,48.85,48,100,1.25,RU,1715804863
162,sechura,-5.5569,-80.8222,77.86,61,100,13.38,PE,1715804863
163,howard springs,-12.497,131.047,76.91,86,34,5.21,AU,1715804863
164,imbituba,-28.24,-48.6703,57.34,58,70,2.08,BR,1715804863
165,port lincoln,-34.7333,135.8667,58.48,88,100,6.8,AU,1715804842
166,barcelos,41.5388,-8.6151,57.85,83,6,5.97,PT,1715804701
167,fale old settlement,-9.3852,-171.2468,84.04,79,54,14.25,TK,1715804863
168,kimbe,-5.5502,150.1429,76.05,95,100,3.42,PG,1715804863
169,paka,4.6374,103.4368,78.73,94,95,2.3,MY,1715804863
170,puerto aysen,-45.4,-72.7,52.79,92,5,0.16,CL,1715804864
171,coruripe,-10.1256,-36.1756,79.14,80,5,8.21,BR,1715804797
172,ribeira grande,38.5167,-28.7,64.8,68,40,14.97,PT,1715804864
173,luang namtha,20.9497,101.4011,70.32,98,0,0.87,LA,1715804864
174,kill devil hills,36.0307,-75.676,78.8,71,40,10.36,US,1715804660
175,kapuskasing,49.4169,-82.4331,57.29,47,40,8.05,CA,1715804864
176,eydhafushi,5.1033,73.0708,85.96,75,100,13.51,MV,1715804864
177,benalla,-36.55,145.9833,44.01,71,97,4.23,AU,1715804864
178,itarantim,-15.6597,-40.0656,79.18,59,0,2.86,BR,1715804864
179,lompoc,34.6391,-120.4579,70.79,69,20,10.36,US,1715804864
180,santana,-0.0583,-51.1817,87.98,66,20,10.36,BR,1715804854
181,baruun-urt,46.6806,113.2792,56.84,10,100,9.33,MN,1715804864
182,kijang,35.2442,129.2139,49.73,84,74,20.69,KR,1715804865
183,opuwo,-18.0607,13.84,68.49,28,0,8.99,NA,1715804865
184,bardsir,29.9227,56.5743,64.06,48,91,0.69,IR,1715804865
185,qamdo,31.1667,97.2333,44.08,70,93,1.5,CN,1715804865
186,taoudenni,22.6783,-3.9836,86.65,40,100,20.22,ML,1715804865
187,harper,4.375,-7.7169,79.75,88,94,8.55,LR,1715804865
188,chibougamau,49.9168,-74.3659,51.42,54,75,10.36,CA,1715804865
189,bubaque,11.2833,-15.8333,78.94,77,100,18.43,GW,1715804865
190,westport,41.1415,-73.3579,64.65,90,100,14.97,US,1715804865
191,iskateley,67.6803,53.1512,33.03,100,100,11.01,RU,1715804865
192,hasaki,35.7333,140.8333,59.4,97,100,11.39,JP,1715804665
193,mukalla,14.5425,49.1242,82.9,79,34,8.9,YE,1715804865
194,salalah,17.0151,54.0924,84.29,74,75,10.36,OM,1715804865
195,martapura,-3.4167,114.85,76.87,91,100,1.43,ID,1715804866
196,flying fish cove,-10.4217,105.6791,78.48,88,40,13.8,CX,1715804866
197,tabira,-7.5908,-37.5394,82.74,49,100,4.25,BR,1715804866
198,lazaro cardenas,17.9583,-102.2,84.04,61,7,10.09,MX,1715804866
199,vadso,70.0744,29.7487,40.08,81,75,23.02,NO,1715804866
200,mount isa,-20.7333,139.5,60.57,67,0,5.75,AU,1715804866
201,homer,59.6425,-151.5483,51.76,71,0,14.97,US,1715804866
202,limon,10.0,-83.0333,87.06,84,0,8.05,CR,1715804866
203,zeya,53.75,127.2667,50.49,49,100,5.37,RU,1715804866
204,san buenaventura,27.0833,-101.5333,97.72,34,40,6.91,MX,1715804866
205,hays,30.0502,-98.0336,93.33,41,100,14.97,US,1715804866
206,axim,4.8699,-2.2405,81.28,83,94,9.53,GH,1715804866
207,chernyshevskiy,63.0128,112.4714,35.28,79,100,4.74,RU,1715804866
208,kargil,34.5667,76.1,39.36,35,0,5.14,IN,1715804866
209,ust-nera,64.5667,143.2,33.1,95,100,3.53,RU,1715804867
210,bilibino,68.0546,166.4372,12.49,84,100,2.68,RU,1715804867
211,chonchi,-42.6128,-73.8092,60.01,71,1,1.41,CL,1715804867
212,coquimbo,-29.9533,-71.3436,55.13,74,0,5.75,CL,1715804733
213,bakchar,57.0186,82.0711,34.9,72,55,3.8,RU,1715804867
214,oodweyne,9.4092,45.064,79.75,58,64,14.43,SO,1715804867
215,shetpe,44.1667,52.1167,54.52,80,60,6.76,KZ,1715804867
216,guiuan,11.0333,125.7247,83.32,75,75,8.63,PH,1715804867
217,okhotsk,59.3833,143.3,36.57,91,100,4.79,RU,1715804807
218,mao,39.8885,4.2658,64.96,100,40,4.61,ES,1715804867
219,san antonio de pale,-1.4014,5.6325,80.58,89,29,6.6,GQ,1715804867
220,sinabang,2.4803,96.3801,79.7,88,100,2.95,ID,1715804867
221,tocopilla,-22.092,-70.1979,65.35,71,100,3.87,CL,1715804573
222,ulladulla,-35.35,150.4667,56.3,90,85,4.9,AU,1715804867
223,margaret river,-33.95,115.0667,56.43,65,0,8.99,AU,1715804868
224,brooks,50.5834,-111.8851,69.42,38,100,5.75,CA,1715804867
225,howrah,22.5892,88.3103,86.0,79,40,5.75,IN,1715804868
226,ciudad bolivar,8.1222,-63.5497,93.11,41,100,3.89,VE,1715804868
227,cockburn town,21.4612,-71.1419,79.56,84,3,15.14,TC,1715804832
228,st. john's,47.5649,-52.7093,53.78,94,100,14.97,CA,1715804760
229,mount pearl,47.5166,-52.7813,52.95,94,100,14.97,CA,1715804868
230,sinop,41.7711,34.8709,42.84,93,35,3.42,TR,1715804868
231,mulki,13.1,74.8,81.68,78,20,2.3,IN,1715804868
232,kruisfontein,-34.0033,24.7314,56.88,92,43,4.23,ZA,1715804868
233,palikir - national government center,6.9248,158.1611,79.54,89,100,5.75,FM,1715804868
234,ancud,-41.8697,-73.8203,49.41,69,43,5.77,CL,1715804868
235,nagasaki,32.7447,129.8736,61.84,77,6,20.98,JP,1715804868
236,chiang mai,18.75,99.0,82.47,89,0,2.3,TH,1715804868
237,ixtapa,20.7,-105.2,83.43,51,0,12.66,MX,1715804868
238,macusani,-14.0833,-70.4333,47.98,63,80,5.73,PE,1715804869
239,vilyuchinsk,52.9306,158.4028,46.67,88,92,9.35,RU,1715804869
240,sumiswald,47.0275,7.7453,56.12,99,100,3.22,CH,1715804869
241,college,64.8569,-147.8028,62.1,35,20,4.61,US,1715804869
242,port douglas,-16.4833,145.4667,74.28,88,100,11.7,AU,1715804869
243,puerto princesa,9.7392,118.7353,80.15,80,36,2.39,PH,1715804869
244,altai,46.3722,96.2583,57.0,33,5,7.87,MN,1715804869
245,santiago,-33.4569,-70.6483,55.17,53,75,9.22,CL,1715804636
246,begamganj,23.6,78.3333,90.39,27,76,11.34,IN,1715804869
247,kadaura,25.9833,79.85,95.43,18,8,6.15,IN,1715804869
248,vilyuysk,63.7553,121.6247,37.0,73,93,4.0,RU,1715804869
249,la paz,-16.5,-68.15,61.57,49,75,12.66,BO,1715804804
250,lebu,-37.6167,-73.65,50.83,76,100,11.7,CL,1715804869
251,burgas,42.5061,27.4678,53.74,84,100,6.91,BG,1715804870
252,ust'-ilimsk,58.0006,102.6619,42.44,83,100,15.01,RU,1715804870
253,mahibadhoo,3.7833,72.9667,85.01,76,78,14.45,MV,1715804870
254,gobabis,-22.45,18.9667,62.37,42,5,10.83,NA,1715804870
255,"laikit, laikit ii (dimembe)",1.4792,124.9735,72.45,100,20,2.3,ID,1715804870
256,katsuura,35.1333,140.3,62.62,97,95,7.0,JP,1715804870
257,hilo,19.7297,-155.09,79.09,82,40,14.97,US,1715804870
258,luocheng,29.3848,104.0286,70.16,86,100,1.52,CN,1715804870
259,keflavik,64.0049,-22.5624,46.31,76,100,4.61,IS,1715804870
260,preobrazheniye,42.9019,133.9064,47.7,76,69,6.96,RU,1715804870
261,paciran,-6.8767,112.3761,75.29,90,99,8.34,ID,1715804870
262,cidreira,-30.1811,-50.2056,56.35,61,56,9.37,BR,1715804870
263,callao,-12.0667,-77.15,68.29,73,40,11.5,PE,1715804589
264,phongsali,21.6833,102.1058,65.1,96,0,0.87,LA,1715804870
265,sao joao da barra,-21.6403,-41.0511,77.09,82,100,14.52,BR,1715804871
266,marquette,46.5333,-87.6335,66.25,55,30,8.01,US,1715804743
267,baukau,51.5526,7.2042,64.58,84,100,5.35,DE,1715804871
268,wamba,8.9333,8.6,83.84,62,86,2.53,NG,1715804871
269,sai kung,22.3822,114.2728,79.29,59,30,7.0,CN,1715804871
270,lihue,21.9789,-159.3672,82.45,71,20,11.5,US,1715804713
271,heroica caborca,30.7167,-112.15,90.34,10,0,16.64,MX,1715804761
272,namdrik,5.5994,168.1028,83.41,79,94,13.78,MH,1715804871
273,ulanhot,46.0833,122.0833,50.38,30,0,7.76,CN,1715804871
274,mount gambier,-37.8333,140.7667,46.49,95,1,3.49,AU,1715804871
275,haimen,23.1935,116.6142,66.09,72,100,6.53,CN,1715804871
276,strunino,56.3833,38.5667,45.95,73,84,2.89,RU,1715804871
277,motueka,-41.1333,173.0167,51.1,91,59,3.04,NZ,1715804871
278,tucuma,-0.1833,-50.05,82.96,82,84,7.72,BR,1715804871
279,kiffa,16.6166,-11.4045,98.78,15,96,10.78,MR,1715804871
280,tumaco,1.7986,-78.8156,80.76,85,99,6.08,CO,1715804872
281,yingkou,40.6648,122.2283,53.64,39,0,8.68,CN,1715804872
282,belmonte,-15.8631,-38.8828,78.93,77,0,7.07,BR,1715804872
283,mirny,62.5353,113.9611,39.24,91,100,1.99,RU,1715804872
284,dyersburg,36.0345,-89.3856,82.31,64,100,6.91,US,1715804872
285,polyarnyy,69.1989,33.4478,37.26,97,100,30.36,RU,1715804872
286,nchelenge,-9.3451,28.734,70.99,55,38,7.38,ZM,1715804872
287,joniskis,56.2403,23.6153,56.32,78,94,6.08,LT,1715804872
288,arraial do cabo,-22.9661,-42.0278,73.36,88,75,6.91,BR,1715804611
289,belomorsk,64.5232,34.7668,58.08,76,87,6.26,RU,1715804872
290,susuman,62.7833,148.1667,33.98,78,100,11.99,RU,1715804872
291,lensk,60.7253,114.9278,51.53,94,100,4.43,RU,1715804872
292,behshahr,36.6923,53.5526,64.35,93,100,3.89,IR,1715804873
293,kapa'a,22.0752,-159.319,82.38,76,20,11.5,US,1715804873
294,valdosta,30.8327,-83.2785,91.31,46,0,12.66,US,1715804873
295,bechar,31.6167,-2.2167,91.72,9,0,16.11,DZ,1715804873
296,whitehorse,60.7161,-135.0538,59.77,35,75,5.01,CA,1715804873
297,kodiak,57.79,-152.4072,42.31,75,75,6.91,US,1715804873
298,uliastay,47.7417,96.8444,54.41,29,9,5.48,MN,1715804873
299,elverum,60.8819,11.5623,59.05,61,41,3.44,NO,1715804873
300,port isabel,26.0734,-97.2086,91.49,73,100,18.41,US,1715804873
301,sierra grande,-41.606,-65.3557,60.28,26,4,3.24,AR,1715804873
302,karratha,-20.7377,116.8463,73.89,54,1,6.49,AU,1715804873
303,pionerskiy,54.9508,20.2275,57.15,77,96,10.85,RU,1715804873
304,oranjemund,-28.55,16.4333,62.71,66,46,4.25,NA,1715804874
305,vetluzhskiy,58.3902,45.4654,46.04,59,72,4.0,RU,1715804874
306,ouargla,31.9493,5.325,93.27,4,45,4.61,DZ,1715804874
307,errachidia,31.9275,-4.4285,87.85,14,0,21.85,MA,1715804874
308,gospic,44.5461,15.3747,58.69,98,81,3.29,HR,1715804874
309,richard-toll,16.4625,-15.7008,74.19,60,60,14.5,SN,1715804874
310,bozyazi,36.1082,32.9611,67.21,69,0,2.75,TR,1715804874
311,sisimiut,66.9395,-53.6735,27.03,68,38,9.78,GL,1715804874
312,weno,7.4515,151.8468,84.15,84,75,6.91,FM,1715804874
313,khovd,48.0056,91.6419,66.72,30,13,7.78,MN,1715804874
314,chinsali,-10.5414,32.0816,60.15,62,78,5.73,ZM,1715804874
315,luderitz,-26.6481,15.1594,69.76,50,43,4.83,NA,1715804874
316,tazovsky,67.4667,78.7,9.43,99,94,5.97,RU,1715804874
317,dongfeng,42.6403,125.5118,41.27,47,0,1.12,CN,1715804874
318,utrik,11.2278,169.8474,81.23,81,96,20.4,MH,1715804874
319,khandyga,62.6667,135.6,36.16,90,41,2.59,RU,1715804875
320,mana,5.6592,-53.7767,82.8,78,100,6.58,GF,1715804875
321,tucurui,-3.7661,-49.6725,84.0,83,56,1.48,BR,1715804875
322,gering,41.8258,-103.6605,64.85,55,75,10.36,US,1715804875
323,waliso,8.5333,37.9833,63.28,85,66,2.62,ET,1715804875
324,oyama,36.3,139.8,64.58,92,98,4.52,JP,1715804875
325,strezhevoy,60.7333,77.5889,28.96,95,62,7.0,RU,1715804875
326,coalcoman de vazquez pallares,18.7833,-103.15,97.0,13,0,5.79,MX,1715804875
327,gadzhiyevo,69.2551,33.3362,37.51,97,100,30.89,RU,1715804875
328,hawaiian paradise park,19.5933,-154.9731,78.87,88,40,14.97,US,1715804875
329,la sarre,48.8002,-79.1996,54.82,49,100,5.46,CA,1715804876
330,at taj,24.2049,23.2857,79.86,17,0,11.3,LY,1715804876
331,sferracavallo,42.726,12.0956,65.17,94,100,2.04,IT,1715804876
332,punta del este,-34.9667,-54.95,55.96,70,40,17.0,UY,1715804876
333,enewetak,11.3474,162.3373,81.68,80,85,19.6,MH,1715804876
334,serdar,38.9764,56.2757,73.02,52,55,3.13,TM,1715804876
335,pacific grove,36.6177,-121.9166,67.64,79,75,11.5,US,1715804876
336,illizi,26.4833,8.4667,94.8,6,9,6.87,DZ,1715804876
337,mammoth lakes,37.6485,-118.9721,68.72,25,75,4.61,US,1715804876
338,yorkton,51.2167,-102.4677,64.24,45,40,9.22,CA,1715804876
339,paita,-5.0892,-81.1144,72.73,73,85,14.65,PE,1715804877
340,donskoy,53.9711,38.3363,45.41,70,59,3.42,RU,1715804877
341,morant bay,17.8815,-76.4093,89.22,66,22,8.16,JM,1715804877
342,prince george,53.9166,-122.753,53.26,84,75,9.22,CA,1715804877
343,brecon,51.9461,-3.3889,56.71,91,1,3.96,GB,1715804877
344,peniche,39.3558,-9.3811,59.56,82,98,12.62,PT,1715804877
345,ha tinh,18.3333,105.9,76.86,92,16,1.28,VN,1715804877
346,vikulovo,56.8167,70.6107,36.72,65,4,5.28,RU,1715804877
347,hobyo,5.3505,48.5268,84.09,79,57,18.72,SO,1715804877
348,cobija,-11.0267,-68.7692,68.18,77,100,5.75,BO,1715804877
349,kabansk,52.0486,106.6528,55.89,56,88,5.32,RU,1715804877
350,taro,-8.3862,115.28,71.6,100,86,1.41,ID,1715804877
351,wailua homesteads,22.0669,-159.378,81.03,76,20,11.5,US,1715804878
352,obo,5.3998,26.4869,70.27,89,97,3.11,CF,1715804878
353,bonthe,7.5264,-12.505,81.27,80,100,7.94,SL,1715804878
354,tumayr,25.7039,45.868,88.56,27,56,20.83,SA,1715804878
355,prineville,44.2999,-120.8345,81.12,29,0,5.75,US,1715804878
356,praia da vitoria,38.7333,-27.0667,66.76,77,75,8.19,PT,1715804878
357,portland,45.5234,-122.6762,79.99,48,75,11.5,US,1715804836
358,al mayadin,35.0209,40.4535,77.16,27,44,10.87,SY,1715804878
359,zhu cheng city,35.995,119.4026,57.24,22,0,16.4,CN,1715804878
360,panama city beach,30.1766,-85.8055,86.13,69,40,18.41,US,1715804879
361,zhangye,38.9342,100.4517,66.94,29,100,1.41,CN,1715804879
362,egilsstadir,65.2653,-14.3948,44.51,57,0,9.22,IS,1715804879
363,ubinskoye,55.3068,79.6802,40.98,57,7,6.93,RU,1715804879
364,piti village,13.4626,144.6933,81.48,86,75,10.36,GU,1715804879
365,scarborough,54.2797,-0.4044,56.91,87,85,3.2,GB,1715804812
366,nova sintra,14.8667,-24.7167,73.92,79,30,17.27,CV,1715804879
367,arvayheer,46.2639,102.775,54.43,36,3,5.77,MN,1715804879
368,smithers,54.7804,-127.1743,55.72,41,75,2.3,CA,1715804879
369,port alfred,-33.5906,26.891,58.17,96,38,5.1,ZA,1715804879
370,wuchuan,21.4571,110.7659,73.87,78,53,6.33,CN,1715804879
371,ar ruways,24.1103,52.7306,91.8,29,0,9.89,AE,1715804879
372,gao,16.6362,1.637,97.12,15,35,7.0,ML,1715804879
373,riviere-du-loup,47.8304,-69.5342,55.67,71,31,5.75,CA,1715804698
374,krylovskaya,46.3194,39.9711,49.93,93,98,6.62,RU,1715804880
375,ust-tsilma,65.441,52.1498,34.61,100,100,8.01,RU,1715804880
376,liwa,24.5361,56.5656,87.82,79,2,4.61,OM,1715804880
377,akrehamn,59.2667,5.1833,63.41,59,27,5.75,NO,1715804880
378,kourou,5.1552,-52.6478,87.85,73,74,6.6,GF,1715804880
379,belyy yar,53.6039,91.3903,42.69,81,40,13.42,RU,1715804880
380,kenora,49.8167,-94.4337,59.97,38,100,6.91,CA,1715804880
381,sarmiento,-45.5882,-69.07,52.43,40,5,2.93,AR,1715804724
382,tamiahua,21.2667,-97.45,91.08,58,10,13.82,MX,1715804880
383,holualoa,19.6228,-155.9522,77.56,77,20,10.36,US,1715804880
384,kokopo,-4.352,152.2633,77.38,88,97,3.24,PG,1715804880
385,campofelice di roccella,37.9902,13.8854,75.78,70,100,5.1,IT,1715804880
386,al kharijah,25.4514,30.5464,78.06,23,0,14.32,EG,1715804881
387,ilulissat,69.2167,-51.1,26.62,59,75,1.14,GL,1715804881
388,nadi,-17.8,177.4167,80.6,78,75,5.75,FJ,1715804881
389,grootfontein,-19.5667,18.1167,62.17,39,0,3.44,NA,1715804881
390,bannockburn,56.0898,-3.9109,61.2,94,93,5.97,GB,1715804881
391,libertad,8.9442,125.5019,75.02,94,49,5.01,PH,1715804881
392,brokopondo,4.75,-55.1667,86.77,63,97,4.32,SR,1715804881
393,baniyas,35.1819,35.9487,64.69,83,1,5.17,SY,1715804881
394,chirilagua,13.2203,-88.1386,93.67,45,99,7.02,SV,1715804881
395,richland center,43.3347,-90.3868,75.02,60,9,4.9,US,1715804881
396,dinguiraye,11.3,-10.7167,80.02,69,99,2.53,GN,1715804881
397,saipan,15.1355,145.701,83.1,78,40,12.66,MP,1715804881
398,bengkulu,-3.8004,102.2655,76.73,94,86,4.25,ID,1715804881
399,tyukhtet,56.5389,89.3011,33.53,80,0,4.27,RU,1715804882
400,neropolis,-16.4064,-49.2186,86.02,45,0,3.29,BR,1715804882
401,floro,61.5996,5.0328,68.23,45,35,6.91,NO,1715804882
402,wau,7.7029,27.9953,74.73,77,100,4.32,SS,1715804882
403,mocimboa,-11.3167,40.35,73.54,87,98,6.26,MZ,1715804882
404,verkhnevilyuysk,63.4453,120.3167,35.67,82,98,3.69,RU,1715804882
405,sao paulo de olivenca,-3.3783,-68.8725,79.9,94,76,3.44,BR,1715804882
406,pizarro,4.9533,-77.366,78.26,89,100,2.17,CO,1715804882
407,la passe,45.5549,-0.8967,55.98,80,38,9.37,FR,1715804882
408,fort bragg,35.139,-79.006,80.49,86,40,13.8,US,1715804882
409,itaueira,-7.6033,-43.0256,93.76,34,32,6.6,BR,1715804882
410,cabedelo,-6.9811,-34.8339,83.07,78,4,9.08,BR,1715804882
411,gornozavodsk,58.3758,58.3211,30.74,78,4,3.33,RU,1715804882
412,tara,56.8944,74.371,36.39,61,19,4.54,RU,1715804883
413,arkhara,49.4212,130.0842,45.77,69,0,5.99,RU,1715804883
414,balkanabat,39.5108,54.3671,71.82,44,41,4.07,TM,1715804883
415,burley,42.5357,-113.7928,68.29,42,0,4.61,US,1715804848
416,borborema,-21.6197,-49.0736,79.52,52,5,7.81,BR,1715804883
417,moyynkum,44.2914,72.9469,69.15,61,100,8.97,KZ,1715804883
418,karanja,20.4833,77.4833,90.79,37,5,5.68,IN,1715804883
419,nurota,40.5614,65.6886,66.51,75,100,6.2,UZ,1715804883
420,novobod,39.0108,70.1508,59.29,74,100,1.99,TJ,1715804883
421,mungyeong,36.5946,128.1995,47.57,91,100,16.49,KR,1715804883
422,kovur,14.4833,79.9833,84.24,76,100,8.14,IN,1715804883
423,caala,-12.8525,15.5606,65.73,54,21,3.38,AO,1715804883
424,aksu,41.1231,80.2644,76.12,19,10,4.83,CN,1715804883
425,nuuk,64.1835,-51.7216,36.21,60,40,9.22,GL,1715804700
426,kuraymah,18.55,31.85,82.49,12,65,13.76,SD,1715804884
427,nantucket,41.2835,-70.0995,62.15,88,100,11.5,US,1715804884
428,papao,-17.75,-149.55,85.68,78,27,22.79,PF,1715804884
429,fedorovka,53.6314,62.7078,45.68,61,100,5.64,KZ,1715804884
430,acapulco de juarez,16.8634,-99.8901,85.82,74,0,16.11,MX,1715804884
431,songjiang,31.036,121.2146,59.05,64,0,4.45,CN,1715804884
432,magadan,59.5667,150.8,34.54,90,99,7.85,RU,1715804884
433,lubang,13.8584,120.124,85.06,73,28,9.46,PH,1715804884
434,saint-pierre,-21.3393,55.4781,71.28,60,0,8.05,RE,1715804884
435,parun,35.4207,70.9221,40.57,70,99,8.79,AF,1715804884
436,pasni,25.2631,63.471,81.54,80,0,4.47,PK,1715804884
437,port colborne,42.9001,-79.2329,72.05,66,90,11.5,CA,1715804884
438,kayangel,8.0823,134.7173,83.62,76,10,9.98,PW,1715804885
439,alice springs,-23.7,133.8833,45.95,87,0,5.75,AU,1715804885
440,kingston,17.997,-76.7936,90.16,70,20,23.02,JM,1715804821
441,bela vista de goias,-16.9728,-48.9533,85.35,41,0,3.91,BR,1715804885
442,amurzet,47.6967,131.0981,44.55,67,0,2.33,RU,1715804885
443,huayin,34.5675,110.0921,63.1,58,45,10.18,CN,1715804885
444,vilhena,-12.7406,-60.1458,79.02,69,0,4.61,BR,1715804885
445,vokhtoga,58.8147,41.0461,50.99,62,100,7.36,RU,1715804885
446,tartouss,34.889,35.8866,67.01,78,0,2.15,SY,1715804885
447,hami,42.8,93.45,80.47,13,100,12.12,CN,1715804885
448,capri,40.5507,14.2426,71.15,73,0,0.0,IT,1715804886
449,askoy,60.4092,5.226,67.95,42,0,4.61,NO,1715804886
450,daru,-9.0763,143.2092,79.0,87,98,16.15,PG,1715804886
451,puerto baquerizo moreno,-0.9,-89.6,83.39,65,75,14.97,EC,1715804886
452,dunedin,-45.8742,170.5036,48.79,82,100,10.0,NZ,1715804887
453,powell river,49.8496,-124.5361,68.32,63,75,6.91,CA,1715804887
454,san andres,12.5847,-81.7006,91.42,66,40,10.36,CO,1715804887
455,villa regina,-39.1,-67.0667,56.64,40,100,5.59,AR,1715804655
456,kristiansund,63.1115,7.732,65.05,34,0,6.91,NO,1715804887
457,klyuchi,52.2667,79.1667,45.37,69,100,9.48,RU,1715804887
458,kone,-21.0595,164.8658,68.77,92,0,3.56,NC,1715804887
459,quivican,22.8231,-82.355,93.34,46,20,12.66,CU,1715804887
460,boda,4.3189,17.4695,76.59,70,91,3.22,CF,1715804887
461,la'ie,21.6477,-157.9253,79.45,83,20,1.99,US,1715804887
462,neiva,2.9273,-75.2819,89.49,48,75,6.91,CO,1715804873
463,palmer,42.1584,-72.3287,65.14,72,100,4.61,US,1715804804
464,turinsk,58.0458,63.696,35.98,62,5,5.53,RU,1715804888
465,vila franca do campo,37.7167,-25.4333,64.89,99,89,4.65,PT,1715804888
466,digapahandi,19.3667,84.5833,83.95,77,100,3.0,IN,1715804888
467,evanston,42.0411,-87.6901,72.57,54,0,14.97,US,1715804839
468,san juan de las huertas,19.2464,-99.7606,79.05,22,40,5.68,MX,1715804888
469,zaragoza,41.6561,-0.8773,63.05,43,20,6.91,ES,1715804688
470,pali,25.7667,73.3333,89.71,31,77,6.78,IN,1715804888
471,murun-kuren,49.6342,100.1625,57.9,40,44,3.56,MN,1715804888
472,tacuarembo,-31.7333,-55.9833,54.1,69,6,3.36,UY,1715804726
473,souillac,-20.5167,57.5167,73.78,83,75,12.66,MU,1715804888
474,reggane,26.7158,0.1714,97.39,17,100,7.38,DZ,1715804888
475,faya-largeau,17.9257,19.1043,91.74,11,79,11.99,TD,1715804888
476,machico,32.7,-16.7667,66.0,78,75,10.36,PT,1715804888
477,huancavelica,-12.7667,-74.9833,46.45,61,100,4.21,PE,1715804888
478,oxapampa,-10.5775,-75.4017,63.25,95,97,2.68,PE,1715804889
479,yaren,-0.5472,166.916,84.16,77,96,13.0,NR,1715804889
480,rantepao,-2.9701,119.8978,67.42,96,100,1.99,ID,1715804889
481,mossel bay,-34.1831,22.146,58.93,86,68,5.68,ZA,1715804889
482,miles city,46.4083,-105.8406,70.77,40,75,9.22,US,1715804609
483,lae,-6.7221,146.9847,75.87,94,100,4.79,PG,1715804889
484,mugia,43.1041,-9.2179,53.91,78,100,15.84,ES,1715804889
485,tolanaro,-25.0319,46.9987,71.67,94,75,13.8,MG,1715804889
486,hwange,-18.3693,26.5019,66.27,40,19,3.47,ZW,1715804889
487,sungailiat,-1.85,106.1333,80.96,84,85,8.39,ID,1715804889
488,fada,9.5667,8.3,78.22,70,65,3.15,NG,1715804889
489,amga,60.8953,131.9608,39.51,94,100,2.53,RU,1715804890
490,celestun,20.8667,-90.4,87.28,68,4,12.26,MX,1715804890
491,volodarskiy,46.4013,48.5409,55.35,46,74,4.94,RU,1715804890
492,menomonie,44.8755,-91.9193,73.44,33,40,0.0,US,1715804692
493,sitka,57.0531,-135.33,46.29,71,75,3.44,US,1715804890
494,kuta,-8.7233,115.1723,78.75,94,20,8.05,ID,1715804890
495,sudislavl',57.8817,41.7083,50.09,63,100,5.03,RU,1715804890
496,atherton,53.5237,-2.4935,60.35,86,25,1.99,GB,1715804890
497,peshawar,34.008,71.5785,88.74,29,100,3.58,PK,1715804890
498,vallegrande,-18.4897,-64.1069,55.29,88,99,7.25,BO,1715804890
499,san luis de la loma,17.2706,-100.8939,86.99,60,4,9.86,MX,1715804890
500,kenai,60.5544,-151.2583,50.09,70,0,10.36,US,1715804890
501,tuy hoa,13.0833,109.3,77.9,93,100,2.59,VN,1715804891
502,bni bouayach,35.1022,-3.841,64.96,45,0,8.05,MA,1715804891
503,kerch,45.3583,36.4758,57.56,62,14,4.0,UA,1715804891
504,milazzo,38.2212,15.2383,68.77,75,100,13.02,IT,1715804891
505,metlili chaamba,32.2667,3.6333,94.14,7,27,5.75,DZ,1715804891
506,udachny,66.4167,112.4,25.45,98,100,3.38,RU,1715804891
507,cill airne,52.05,-9.5167,53.6,92,25,4.25,IE,1715804891
508,cabo san lucas,22.8909,-109.9124,90.61,37,20,6.91,MX,1715804879
509,krasnoslobodsk,48.7072,44.5714,51.62,43,0,4.47,RU,1715804891
510,bodo,67.28,14.405,46.44,91,75,2.3,NO,1715804891
511,kamina,-8.7386,24.9906,72.46,55,100,3.42,CD,1715804891
512,salinopolis,-0.6136,-47.3561,83.82,76,83,9.78,BR,1715804891
513,san julian,21.0167,-102.1667,89.11,9,0,15.88,MX,1715804891
514,tanumah,27.1,44.1333,85.14,31,0,19.62,SA,1715804891
515,porto seguro,-16.4497,-39.0647,81.12,83,20,6.91,BR,1715804653
516,vanimo,-2.6741,141.3028,78.4,90,71,4.29,PG,1715804892
517,kemise,10.7167,39.8667,73.02,69,92,5.88,ET,1715804892
518,zelenogorskiy,55.0333,87.0,35.51,77,12,3.71,RU,1715804892
519,bayanhongor,46.7167,100.1167,47.5,34,1,2.71,MN,1715804892
520,labytnangi,66.6572,66.4183,16.38,94,99,2.82,RU,1715804892
521,humaita,-7.5061,-63.0208,90.77,46,98,3.83,BR,1715804892
522,san rafael,-34.6177,-68.3301,50.22,50,100,7.43,AR,1715804594
523,tabou,4.423,-7.3528,79.88,86,81,7.18,CI,1715804892
524,minot,48.2325,-101.2963,58.01,67,100,10.36,US,1715804671
525,lethem,3.3803,-59.7968,91.83,48,100,7.31,GY,1715804892
526,helena valley west central,46.6629,-112.0604,69.73,35,75,18.41,US,1715804892
527,carutapera,-1.195,-46.02,82.54,80,70,6.51,BR,1715804892
528,novodvinsk,64.4165,40.8122,49.78,99,85,3.98,RU,1715804893
529,bijelo polje,43.0337,19.747,50.29,93,82,4.41,ME,1715804893
530,prince rupert,54.3161,-130.3201,48.29,79,100,4.61,CA,1715804893
531,lospalos,-8.5186,127.0025,70.83,95,73,6.08,TL,1715804893
532,ayorou,14.7308,0.9174,93.88,30,89,9.64,NE,1715804893
533,dzhetygara,52.1908,61.2006,47.68,55,96,10.4,KZ,1715804893
534,armacao de buzios,-22.7469,-41.8817,73.56,88,100,8.52,BR,1715804671
535,nueva gerona,21.8833,-82.8,93.22,45,82,13.58,CU,1715804893
536,pandan,14.0453,124.1694,80.47,85,28,7.11,PH,1715804893
537,morehead city,34.7229,-76.726,81.0,81,0,8.05,US,1715804893
538,thames,-37.1333,175.5333,58.08,92,99,15.57,NZ,1715804893
539,acarau,-2.8856,-40.12,82.53,81,25,11.81,BR,1715804727
540,port-vila,-17.7338,168.3219,67.6,100,20,1.14,VU,1715804840
541,pimenta bueno,-11.6725,-61.1936,84.83,55,50,2.35,BR,1715804893
542,sao gabriel da cachoeira,-0.1303,-67.0892,82.53,85,100,1.3,BR,1715804894
543,bhimunipatnam,17.8833,83.4333,83.59,77,99,6.6,IN,1715804894
544,alo,7.4178,6.7371,86.41,60,20,2.89,NG,1715804894
545,antsiranana,-12.2787,49.2917,77.74,72,100,19.08,MG,1715804894
546,meadow lakes,61.6247,-149.6011,55.54,51,20,3.44,US,1715804894
547,natal,-5.795,-35.2094,84.42,79,20,9.22,BR,1715804606
548,ilhabela,-23.7781,-45.3581,68.86,91,100,3.94,BR,1715804797
549,lindley,-27.8791,27.9135,60.13,37,70,4.52,ZA,1715804894
550,yanykurgan,43.915,67.2481,67.71,56,97,3.76,KZ,1715804894
551,orito,0.6766,-76.8771,73.02,97,100,0.74,CO,1715804894
552,grand forks,47.9417,-97.4337,62.53,73,75,9.22,US,1715804894
553,christchurch,-43.5333,172.6333,41.95,94,48,1.14,NZ,1715804894
554,buston,40.2342,69.6948,73.58,56,20,20.13,TJ,1715804894
555,shuangcheng,45.35,126.2833,35.28,47,0,4.23,CN,1715804895
556,bankim,6.083,11.4905,69.13,96,100,6.35,CM,1715804895
557,sirte,31.2089,16.5887,88.11,23,2,16.46,LY,1715804895
558,majuro,7.0897,171.3803,82.36,83,100,9.22,MH,1715804895
559,tofol,5.3248,163.0078,83.37,79,72,9.93,FM,1715804895
560,sassandra,4.95,-6.0833,80.31,86,73,8.77,CI,1715804895
561,eaglehawk,-36.7333,144.25,46.81,86,91,3.02,AU,1715804895
562,mabaruma,8.2,-59.7833,86.2,60,88,7.52,GY,1715804895
563,yuzhno-kurilsk,44.0306,145.8556,43.38,98,100,5.95,RU,1715804895
564,saint-joseph,-21.3667,55.6167,70.18,72,15,11.9,RE,1715804895
565,san sebastian de la gomera,28.0916,-17.1133,70.38,59,20,9.22,ES,1715804895
566,ciudad lazaro cardenas,17.9583,-102.2,84.04,61,7,10.09,MX,1715804866
567,san clemente del tuyu,-36.3569,-56.7235,53.98,53,100,15.86,AR,1715804895
568,goure,13.9835,10.2704,95.25,13,95,8.84,NE,1715804896
569,remire-montjoly,4.9167,-52.2667,87.84,66,75,10.36,GF,1715804896
570,ceres,37.5949,-120.9577,86.32,44,0,9.22,US,1715804768
571,san jose de jachal,-30.2406,-68.7469,52.56,49,31,8.97,AR,1715804896
572,farafangana,-22.8167,47.8333,71.26,88,43,6.58,MG,1715804896
573,alderetes,-26.8167,-65.1333,62.4,49,56,2.62,AR,1715804896
574,valparaiso,-33.0393,-71.6273,61.14,66,75,8.05,CL,1715804896
